Name,Surname,Gender,Age,Region,Job Classification,Date Joined,Balance,UID,Key0,Key1,Key2,Key3,Key4
Jake,Wilson,Male,26,England,Other,30.Jan.15,5833.62,080ac7c1-61b0-4018-a7dd-bb75090c3d68,26m400jnotarenglanw425j,maleotar583623250jac,jajwlsn,3000,othe30jawilso
Karen,Dyer,Female,34,England,Blue Collar,31.Jan.15,77809.59,1d98b3f1-d79e-44dc-9140-6380c2212f60,34f540jnblacengland600k,femaleblacal7809593250car,kajtyr,3000,blue31jadyer
Yvonne,Thomson,Female,36,England,White Collar,31.Jan.15,31680.67,91819421-5fee-48fc-8501-03328fe66396,36f540jnwatacenglant525f,femalewatac31680673250yvan,yvj0msn,3000,whit31jathoms
Sophie,Gill,Female,33,England,White Collar,31.Jan.15,20504.37,7bd04e5f-5843-4cc6-a981-20f318ad54e8,33f540jnwatacenglang400s,femalewatac20504373250saf,sojjl,3000,whit31jagill
Robert,Cornish,Male,31,England,Other,31.Jan.15,5688.36,bd69b4ab-21c7-4957-aed0-a0618f5ff26f,31m400jnotarenglanc652r,maleotar568363250rab,rojkrnx,3000,othe31jacorni
Luke,Martin,Male,35,Scotland,Blue Collar,31.Jan.15,12848.59,1a6df9fd-4ad4-4b0b-95dd-6f1190a60257,35m400jnblacscatlm635l,maleblacal12848593250lac,lujmrtn,3000,blue31jamarti
Gavin,Pullman,Male,59,Scotland,Other,31.Jan.15,114456.23,ce12eeda-ae3e-4fed-87fd-f849b688a09e,59m400jnotarscatlp455k,maleotar145623250gav,gajplmn,3000,othe31japullm
Vanessa,Lyman,Female,18,England,White Collar,31.Mar.15,33524.41,57747252-6776-4cbd-812c-917cf379ab5c,18f540mrwatacenglanl550f,femalewatac3524413560van,vamlmn,3000,whit31malyman
Andrea,Dickens,Female,31,England,White Collar,31.Mar.15,136370.38,cda3e2f1-6fdf-4f52-8b23-969380f77bba,31f540mrwatacengland252an,femalewatac13637033560andr,anmtkns,3000,whit31madicke
Ian,Slater,Male,37,England,White Collar,31.Mar.15,39159.35,6249848c-b4f1-4a9e-b6e0-01a434827ade,37m400mrwatacenglans436i,malewatac39159353560ian,iamsltr,3000,whit31maslate
Jacob,Payne,Male,25,England,Other,31.Mar.15,3738.1,b51554a4-8a37-489c-8e82-4e8fa364bab7,25m400mrotarenglanp500j,maleotar373813560jac,jampn,3000,othe31mapayne
Harry,Short,Male,50,England,White Collar,31.Mar.15,43234.21,52c63a47-5253-4d09-9993-fb92b2e4420b,50m400mrwatacenglans630h,malewatac43234213560har,hamxrt,3000,whit31mashort
Jasmine,Greene,Female,29,England,White Collar,30.Apr.15,4507.91,e04a2460-5213-4dc3-ab25-6b5b3dffd3f3,29f540prwatacenglang650j,femalewatac4507913160jasn,jakrn,3000,whit30apgreen
Christian,Jackson,Male,38,England,White Collar,30.Apr.15,18433.59,9e86571b-371a-41f3-bfe6-7c14a644696e,38m400prwatacenglanj250x,malewatac1843593160cr,chjksn,3000,whit30apjacks
Eric,Vance,Male,33,England,White Collar,30.Apr.15,30907.61,33ecba66-3631-4575-b77e-cf5273311f05,33m400prwatacenglanv520er,malewatac30907613160erac,erfns,3000,whit30apvance
Anna,Miller,Female,35,England,White Collar,30.Apr.15,58807.73,c7ae6129-5677-4061-955b-2a3e355ab36a,35f540prwatacenglanm460an,femalewatac5807733160an,anmlr,3000,whit30apmille
Benjamin,Ince,Male,36,England,White Collar,30.Apr.15,10174.7,18dfef66-ce81-4db4-aee9-f5c45b6dee07,36m400prwatacenglani520b,malewatac1017473160banj,beins,3000,whit30apince
Brandon,Churchill,Male,34,England,White Collar,30.May.15,44552.66,04cbc541-eef3-44df-a0ac-53ad96e61f6b,34m400mwatacenglanc624br,malewatac45263500bran,brmxrx,3000,whit30machurc
Jan,Underwood,Female,47,England,Other,30.May.15,83088.67,e566cfee-e34c-4817-851d-df8da59bf6ec,47f540motarenglanu536j,femaleotar8308673500jan,jamuntrw,3000,othe30maunder
Ruth,Ince,Female,38,England,White Collar,30.May.15,15989.89,2cae7d75-2c2e-423e-9cc2-f000e7ab963b,38f540mwatacenglani520r,femalewatac15989893500rat,rumins,3000,whit30maince
Victor,Wilson,Male,46,England,White Collar,30.May.15,47074.94,75b7c1d9-81a3-43d9-b0b7-72b6507769bb,46m400mwatacenglanw425f,malewatac47074943500vact,vimwlsn,3000,whit30mawilso
Ava,Gibson,Female,34,England,Other,30.May.15,46037.55,e71038b3-6492-4eb7-a50e-9ad16db809f4,34f540motarenglang125af,femaleotar4603753500av,avmjbsn,3000,othe30magibso
Peter,Gibson,Male,47,Scotland,Blue Collar,30.May.15,6187.55,6de5392c-3df6-46b3-ba6c-d6f00137bd7f,47m400mblacscatlg125p,maleblacal618753500pat,pemjbsn,3000,blue30magibso
Lucas,Graham,Male,51,Scotland,Blue Collar,30.May.15,17188.7,509a3e55-29e2-4282-a5ed-ed1ff8aa8d02,51m400mblacscatlg650l,maleblacal171873500lac,lumkrhm,3000,blue30magraha
Anthony,Quinn,Male,36,Scotland,Blue Collar,30.May.15,16694.22,11dc358f-e94c-4eca-9cfc-3bbbc68d25c7,36m400mblacscatlq500an,maleblacal169423500ant,anmkn,3000,blue30maquinn
Anthony,Mackenzie,Male,43,Scotland,Other,30.May.15,12188.75,90f76477-5e14-4426-be1c-ebc12c5619bd,43m400motarscatlm252an,maleotar1218753500ant,anmmkns,3000,othe30mamacke
Brian,Bond,Male,22,Scotland,Blue Collar,30.May.15,837.33,b64bad21-5a66-4431-b2bb-fd2433bf64b9,22m400mblacscatlb530br,maleblacal83733500br,brmbnt,3000,blue30mabond
Melanie,Buckland,Female,35,Wales,White Collar,30.May.15,45887.56,0c0c60c0-4823-4a03-a030-8f10eeb81876,35f540mwatacwalb245m,femalewatac4587563500mal,membkln,3000,whit30mabuckl
David,Mills,Male,34,Wales,Other,30.May.15,35449.82,dea67e7d-8a3f-4add-ac9c-debce2c8b509,34m400motarwalm420t,maleotar3549823500dav,dammls,3000,othe30mamills
Emily,Clarkson,Female,25,Northern Ireland,Other,30.May.15,16380.24,23c14af0-6bf5-4865-9901-944abf99a2af,25f540motarnartc462em,femaleotar16380243500enal,emmklrks,3000,othe30maclark
Angela,Oliver,Female,19,Northern Ireland,Other,30.May.15,4733.29,836f5c73-9c47-4b99-929a-18e18968780c,19f540motarnarto416an,femaleotar473293500ang,anmolfr,3000,othe30maolive
Joanne,May,Female,37,Northern Ireland,Other,30.May.15,81504.12,1dad738a-6248-48dc-b350-41a9eff0cff5,37f540motarnartm000j,femaleotar81504123500jan,jomm,3000,othe30mamay
Joanne,King,Female,45,Northern Ireland,Other,30.May.15,9490.02,c46c6409-e8ee-4347-a64d-64a8b858a5fb,45f540motarnartk520j,femaleotar9490023500jan,jomknk,3000,othe30making
Julia,McDonald,Female,26,Northern Ireland,White Collar,30.May.15,9406.12,6549bd2e-7c50-4791-b8b9-5b4ee971b98e,26f540mwatacnartm235j,femalewatac9406123500jal,jummktnl,3000,whit30mamcdon
Neil,James,Male,37,Northern Ireland,White Collar,30.May.15,47245.76,e0556194-ba27-4712-9a49-6095a9f39ce0,37m400mwatacnartj520n,malewatac47245763500nal,nemjms,3000,whit30majames
Keith,Walker,Male,40,England,White Collar,31.May.15,919.39,9d5a7741-fec2-4379-b8aa-e9d3b240ddd4,40m400mwatacenglanw426k,malewatac919393500cat,kemwlkr,3000,whit31mawalke
Wendy,Hardacre,Female,38,England,White Collar,31.May.15,23848.8,98bf62b0-5344-4cf1-8c90-369bfa631031,38f540mwatacenglanh632w,femalewatac2384883500wad,wemhrtkr,3000,whit31maharda
Andrea,Robertson,Female,52,Scotland,Other,31.May.15,44756.41,327822ff-cbca-44d3-b76b-c81547d2522a,52f540motarscatlr163an,femaleotar4756413500andr,anmrbrts,3000,othe31marober
William,Lyman,Male,46,Scotland,White Collar,31.May.15,46084.51,3bb799c5-b46c-4e87-908b-6f6a8843be8f,46m400mwatacscatll550w,malewatac46084513500wal,wimlmn,3000,whit31malyman
Carl,Arnold,Male,48,Scotland,Other,31.May.15,137330.94,df89d707-37bb-4f5a-bc11-32fc0699cd19,48m400motarscatla654k,maleotar1373093500carl,camarnlt,3000,othe31maarnol
Paul,Baker,Male,44,Scotland,Blue Collar,31.May.15,5784.28,e94c424c-55c1-4358-a267-6273427c2e91,44m400mblacscatlb260p,maleblacal5784283500pal,pambkr,3000,blue31mabaker
Keith,Ross,Male,45,Scotland,Blue Collar,31.May.15,85726.19,16178601-0493-4797-a920-0e2ff1ed00dc,45m400mblacscatlr200k,maleblacal85726193500cat,kemrs,3000,blue31maross
Chloe,Bond,Female,34,Wales,White Collar,31.May.15,106555.59,cea8ac38-11f8-4e3f-bbc8-41ce63280e17,34f540mwatacwalb530x,femalewatac106553500cl,chmbnt,3000,whit31mabond
Tracey,Clark,Female,39,Wales,Other,31.May.15,747.35,83a79067-6aec-41fe-a5fa-459f2bbc6341,39f540motarwalc462tr,femaleotar747353500trac,trmklrk,3000,othe31maclark
Jason,Walker,Male,24,Northern Ireland,White Collar,31.May.15,78004.29,88ab2e78-39e2-44d8-83cd-b4c8e2269948,24m400mwatacnartw426j,malewatac7804293500jas,jamwlkr,3000,whit31mawalke
Bella,Vaughan,Female,22,Northern Ireland,White Collar,31.May.15,58585.68,c5377844-50f6-4c67-a7e9-f86d02f38c3a,22f540mwatacnartv250b,femalewatac58585683500bal,bemfkhn,3000,whit31mavaugh
Claire,Metcalfe,Female,40,England,White Collar,30.Jun.15,2619.62,e6c354f5-d455-4393-abb3-74ba1fb79e1e,40f540jnwatacenglanm324kl,femalewatac2619623250cl,cljmtklf,3000,whit30jumetca
Tim,Walker,Male,41,England,Other,30.Jun.15,61602.73,39cba300-6f5e-45b3-901e-aff571499879,41m400jnotarenglanw426t,maleotar61602733250tan,tijwlkr,3000,othe30juwalke
Connor,Dickens,Male,37,England,White Collar,30.Jun.15,22058.44,36e88c60-6d2d-447e-b930-e1cabd5afc49,37m400jnwatacengland252k,malewatac205843250can,cojtkns,3000,whit30judicke
Stephanie,Ince,Female,31,England,White Collar,30.Jun.15,24845.43,4087ce91-de56-424b-ba87-72321cfff567,31f540jnwatacenglani520st,femalewatac24845433250stap,stjins,3000,whit30juince
William,Bond,Male,28,England,White Collar,30.Jun.15,42331.5,1fcc536e-824b-4980-a688-4d1fb1461e53,28m400jnwatacenglanb530w,malewatac423153250wal,wijbnt,3000,whit30jubond
Connor,May,Male,41,England,White Collar,30.Jun.15,43488.59,9659b269-fecb-4bc4-ad70-0ea597f7e645,41m400jnwatacenglanm000k,malewatac4348593250can,cojm,3000,whit30jumay
Trevor,Campbell,Male,45,Scotland,Blue Collar,30.Jun.15,11565.04,f55d135c-0659-421f-a79a-95bea56cf73b,45m400jnblacscatlc514tr,maleblacal1565043250traf,trjkmpbl,3000,blue30jucampb
Steven,Newman,Male,49,Scotland,Blue Collar,30.Jun.15,1096.36,c99a9d12-7ed1-4faf-9bd3-b397887c3e24,49m400jnblacscatln550st,maleblacal1096363250staf,stjnmn,3000,blue30junewma
Stephen,Mathis,Male,52,Scotland,Other,30.Jun.15,4793.55,c5412672-55b0-4796-9793-7f9acc6a57b1,52m400jnotarscatlm320st,maleotar479353250stap,stjm0s,3000,othe30jumathi
Deirdre,James,Female,51,Scotland,Other,30.Jun.15,11909.63,a0001f26-d1b3-48cc-b1b0-47f7cf1e9606,51f540jnotarscatlj520t,femaleotar1909633250dar,dejjms,3000,othe30jujames
Dylan,Alsop,Male,47,Scotland,Blue Collar,30.Jun.15,56257.26,6f2b7895-9c24-4c3d-b10f-32c58c2f7d4f,47m400jnblacscatla421t,maleblacal56257263250dyl,dyjalsp,3000,blue30jualsop
Amy,Mathis,Female,33,Wales,Other,30.Jun.15,18469.94,f9d0a95d-b342-4d4e-96c4-484e3a71565a,33f540jnotarwalm320am,femaleotar18469943250any,amjm0s,3000,othe30jumathi
Oliver,Butler,Male,38,Wales,White Collar,30.Jun.15,48959.81,b16094ba-2020-48d5-8273-7637c43efb3e,38m400jnwatacwalb346ol,malewatac48959813250olav,oljbtlr,3000,whit30jubutle
Rebecca,Jackson,Female,28,England,Other,30.Jul.15,10688.34,61086887-ce92-4829-b88a-1fd79256d3ff,28f540jlotarenglanj250r,femaleotar1068343240rab,rejjksn,3000,othe30jujacks
Lucas,Paige,Male,36,England,White Collar,30.Jul.15,2385.47,aaa0413a-95c5-47fa-91d6-ab02a2a0eabb,36m400jlwatacenglanp200l,malewatac2385473240lac,lujpj,3000,whit30jupaige
Ian,Miller,Male,43,England,White Collar,30.Jul.15,15879.52,3d7f1e5c-72a1-41c0-93b1-caa0b65ac75f,43m400jlwatacenglanm460i,malewatac15879523240ian,iajmlr,3000,whit30jumille
Anna,Mackay,Female,27,England,Blue Collar,30.Jul.15,59292.8,db992f77-6c8d-4657-b4d5-b7431d527d7b,27f540jlblacenglanm200an,femaleblacal5929283240an,anjmk,3000,blue30jumacka
Diane,Wilkins,Female,27,England,Other,30.Jul.15,30992.37,c2d01aa5-72a0-433d-96f6-f2788286824a,27f540jlotarenglanw425t,femaleotar3092373240dan,dijwlkns,3000,othe30juwilki
Jake,Clark,Male,52,Scotland,Other,30.Jul.15,13419.57,26c8f62c-cfa7-4434-b1e5-274f817dd1bb,52m400jlotarscatlc462j,maleotar13419573240jac,jajklrk,3000,othe30juclark
Warren,Hamilton,Male,53,Scotland,Other,30.Jul.15,25797.17,5c012fd1-6883-43de-a9d9-fa0b63e8d774,53m400jlotarscatlh543w,maleotar25797173240war,wajhmlt,3000,othe30juhamil
Jonathan,Lawrence,Male,47,Scotland,Blue Collar,30.Jul.15,48667.64,b812a39d-5f70-41a5-884a-c1d4753f4978,47m400jlblacscatll652j,maleblacal4867643240jan,jojlrnk,3000,blue30julawre
Elizabeth,Russell,Female,53,Scotland,Other,30.Jul.15,51621.76,4a1ce4a5-7731-4912-98ef-0cd790620a61,53f540jlotarscatlr240el,femaleotar51621763240el,eljrsl,3000,othe30jurusse
Leah,Walker,Female,59,Scotland,Other,30.Jul.15,55368.66,e889ebe3-4d8e-4521-a3ce-8756b490a6b4,59f540jlotarscatlw426l,femaleotar536863240l,lejwlkr,3000,othe30juwalke
Brian,Manning,Male,59,Scotland,Blue Collar,30.Jul.15,19832.01,004c347c-44a3-4903-9b25-c988ad885fca,59m400jlblacscatlm552br,maleblacal19832013240br,brjmnnk,3000,blue30jumanni
Dominic,Jackson,Male,40,Wales,White Collar,30.Jul.15,3615.89,73d5135c-18ea-43bc-bcdc-e64f0ed2e90a,40m400jlwatacwalj250t,malewatac3615893240dan,dojjksn,3000,whit30jujacks
Diane,Tucker,Female,37,Northern Ireland,White Collar,30.Jul.15,13937.18,c78ab7e1-4581-4e2e-b80a-03f5c439291c,37f540jlwatacnartt260t,femalewatac13937183240dan,dijtkr,3000,whit30jutucke
Abigail,Powell,Female,30,England,White Collar,31.Jul.15,79094.42,90426a5a-a0cc-4224-a649-17dcd98f2447,30f540jlwatacenglanp400ab,femalewatac79094423240abag,abjpwl,3000,whit31jupowel
Katherine,Mills,Female,37,England,White Collar,31.Jul.15,122248.3,a604c845-9f7d-4675-a986-10da2594a475,37f540jlwatacenglanm420k,femalewatac124833240cat,kajmls,3000,whit31jumills
Rose,Morrison,Female,34,England,White Collar,31.Jul.15,125101.37,47052fb2-e21f-4b42-aaf5-8cf2b93fb7c7,34f540jlwatacenglanm625r,femalewatac12510133240ras,rojmrs,3000,whit31jumorri
Alexander,Clarkson,Male,30,England,White Collar,31.Jul.15,68336.84,51f068dc-e86b-4f6d-afcd-67d714b782be,30m400jlwatacenglanc462al,malewatac6836843240alax,aljklrks,3000,whit31juclark
Zoe,Bell,Female,39,England,White Collar,31.Jul.15,16956.0,22a84085-0a63-400d-be84-678a375cfdb3,39f540jlwatacenglanb400s,femalewatac1695603240z,zojbl,3000,whit31jubell
Katherine,Sanderson,Female,38,Scotland,Other,31.Jul.15,37115.03,b0b0d31f-c3ff-4ca7-915a-46d61e169324,38f540jlotarscatls536k,femaleotar3715033240cat,kajsntrs,3000,othe31jusande
Bernadette,Watson,Female,43,Scotland,Other,31.Jul.15,10513.17,acc8fecc-5cad-491c-8870-444b4f835c82,43f540jlotarscatlw325b,femaleotar10513173240barn,bejwtsn,3000,othe31juwatso
Lily,Hart,Female,34,Wales,White Collar,31.Jul.15,1090.67,efa7a728-bd1a-463f-8038-7e0707048fb5,34f540jlwatacwalh630l,femalewatac1090673240laly,lijhrt,3000,whit31juhart
Jonathan,Clark,Male,34,Wales,Blue Collar,31.Jul.15,1400.26,1628ede7-0b69-42c3-abc5-2b05c2bc3a34,34m400jlblacwalc462j,maleblacal140263240jan,jojklrk,3000,blue31juclark
Ryan,Poole,Male,23,Northern Ireland,Blue Collar,31.Jul.15,106836.0,b2e0ab6d-0b12-4d66-9ad1-9e438f12d5a2,23m400jlblacnartp400r,maleblacal10683603240ryan,ryjpl,3000,blue31jupoole
Robert,Lawrence,Male,30,Northern Ireland,White Collar,31.Jul.15,33024.7,90f05c09-e845-4970-bcd7-c38387d8ded0,30m400jlwatacnartl652r,malewatac302473240rab,rojlrnk,3000,whit31julawre
Amelia,Vance,Female,30,England,White Collar,30.Aug.15,45527.09,a51c7fc2-590f-4406-8477-a13233a72f72,30f540kwatacenglanv520am,femalewatac4527093200anal,amfns,3000,whit30auvance
Una,Alsop,Female,31,England,White Collar,30.Aug.15,44576.62,70970206-8f04-464a-b7ce-e05c95b2fc46,31f540kwatacenglana421un,femalewatac4576623200un,unalsp,3000,whit30aualsop
Amy,MacDonald,Female,29,England,White Collar,30.Aug.15,54174.39,349ac310-f6f4-49d7-a4b2-c89be41954a5,29f540kwatacenglanm235am,femalewatac54174393200any,ammktn,3000,whit30aumacdo
Cameron,Roberts,Male,33,England,Other,30.Aug.15,43473.64,d3482218-9ca0-4bfa-8942-d8d4e43df986,33m400kotarenglanr163k,maleotar43473643200can,carbrts,3000,othe30aurober
Angela,Peters,Female,32,England,White Collar,30.Aug.15,52248.29,e42269b2-a320-4098-8929-d49c49ab4758,32f540kwatacenglanp362an,femalewatac5248293200ang,anptrs,3000,whit30aupeter
Joe,Springer,Male,30,England,White Collar,30.Aug.15,34879.77,b619077f-1fcd-48dc-a736-4824cd985337,30m400kwatacenglans165j,malewatac3487973200j,josprnj,3000,whit30ausprin
Jonathan,Butler,Male,31,England,White Collar,30.Aug.15,58911.42,339f9cb4-f8bb-4937-9e75-a7019c2565e0,31m400kwatacenglanb346j,malewatac5891423200jan,jobtlr,3000,whit30aubutle
Jason,Lewis,Male,33,England,White Collar,30.Aug.15,96422.41,ae194523-0799-438f-8247-9462d0844f62,33m400kwatacenglanl200j,malewatac9642413200jas,jalws,3000,whit30aulewis
Donna,Scott,Female,30,England,White Collar,30.Aug.15,57333.77,a540ddec-7974-487e-be31-60cbebb852c8,30f540kwatacenglans300t,femalewatac57373200dan,doskt,3000,whit30auscott
Lily,Graham,Female,27,Wales,Other,30.Aug.15,40857.78,5ebfad13-24e8-4735-8d91-a5dbd3572a60,27f540kotarwalg650l,femaleotar40857783200laly,likrhm,3000,othe30augraha
Virginia,Lambert,Female,30,Wales,White Collar,30.Aug.15,69152.93,75c26b16-94f5-4c42-8590-70371095c0bb,30f540kwatacwall516f,femalewatac69152933200varg,vilmbrt,3000,whit30aulambe
Lisa,Mathis,Female,47,Wales,White Collar,30.Aug.15,3840.53,77eb1e83-f6c1-4168-9d01-22eb2a931ac2,47f540kwatacwalm320l,femalewatac3840533200las,lim0s,3000,whit30aumathi
Charles,Vaughan,Male,57,Wales,Other,30.Aug.15,69281.64,ac05148e-2c50-4b17-9346-b20d17d6366d,57m400kotarwalv250x,maleotar69281643200car,chfkhn,3000,othe30auvaugh
Anna,Fisher,Female,35,England,White Collar,31.Aug.15,4750.24,58d25b10-e051-47a3-9ab5-8306d64958f6,35f540kwatacenglanf260an,femalewatac4750243200an,anfxr,3000,whit31aufishe
Nicholas,Nash,Male,40,England,White Collar,31.Aug.15,82664.04,e6567552-875a-48d5-a27c-5efc6897703a,40m400kwatacenglann200n,malewatac8264043200nac,ninx,3000,whit31aunash
Julian,Mackenzie,Male,26,England,Other,31.Aug.15,57623.58,12138917-ad50-4446-a6d7-072b2c418e5b,26m400kotarenglanm252j,maleotar57623583200jal,jumkns,3000,othe31aumacke
Colin,Mathis,Male,35,England,White Collar,31.Aug.15,19680.67,bde4dcf8-7153-4aad-8eef-620855e36c1a,35m400kwatacenglanm320k,malewatac19680673200cal,com0s,3000,whit31aumathi
Zoe,Kerr,Female,36,England,White Collar,31.Aug.15,2566.77,c52920f0-e8a1-4960-9715-e389ff445516,36f540kwatacenglank600s,femalewatac25673200z,zokr,3000,whit31aukerr
Bernadette,Allan,Female,28,England,White Collar,31.Aug.15,20894.82,bb8d5491-f57f-4ea2-92ec-1ef71dd1c459,28f540kwatacenglana450b,femalewatac20894823200barn,bealn,3000,whit31auallan
Ella,Stewart,Female,36,England,White Collar,31.Aug.15,61324.68,eb508066-6e8e-4b45-957f-4a81ebe447ef,36f540kwatacenglans363el,femalewatac61324683200el,elstwrt,3000,whit31austewa
Jason,Rees,Male,40,Scotland,Blue Collar,31.Aug.15,99604.38,ffe89ca4-6dad-46bb-a325-2b07620390c7,40m400kblacscatlr200j,maleblacal9604383200jas,jars,3000,blue31aurees
Victor,Jackson,Male,48,Scotland,White Collar,31.Aug.15,55410.06,78a3b008-e5bf-489a-a472-9a6aa405f2d0,48m400kwatacscatlj250f,malewatac5410063200vact,vijksn,3000,whit31aujacks
Alexandra,Alsop,Female,48,Scotland,Other,31.Aug.15,39884.78,e1b71e6d-a2f6-4954-9f8f-acbcb31e5f96,48f540kotarscatla421al,femaleotar3984783200alax,alalsp,3000,othe31aualsop
Sam,Skinner,Male,59,Scotland,Other,31.Aug.15,50189.26,47c93c34-97a3-423c-8f52-cc0639092b3f,59m400kotarscatls560s,maleotar50189263200san,sasknr,3000,othe31auskinn
Carl,Young,Male,55,Scotland,Blue Collar,31.Aug.15,71796.68,98f93f64-cbc2-4873-8033-eb1deb21fe02,55m400kblacscatly520k,maleblacal71796683200carl,caynk,3000,blue31auyoung
Oliver,Springer,Male,46,Scotland,Other,31.Aug.15,16842.71,d6a561b4-2170-469b-b904-d02aeb361c2f,46m400kotarscatls165ol,maleotar16842713200olav,olsprnj,3000,othe31ausprin
Alexander,Dyer,Male,23,Wales,Blue Collar,31.Aug.15,68184.25,f7bf1005-21a2-4b8d-8bb2-ec57e3527573,23m400kblacwald600al,maleblacal68184253200alax,altyr,3000,blue31audyer
Joanne,Rutherford,Female,26,Wales,Other,31.Aug.15,31028.36,80fc8c72-8e78-40b9-8b94-fc108ef6ea5f,26f540kotarwalr361j,femaleotar31028363200jan,jor0rf,3000,othe31auruthe
Jason,Mathis,Male,42,Wales,White Collar,31.Aug.15,80922.09,73f3276b-319c-470d-90dc-82067dbc212a,42m400kwatacwalm320j,malewatac8092093200jas,jam0s,3000,whit31aumathi
Jessica,Jackson,Female,33,England,White Collar,30.Sep.15,30454.03,d7ebca79-6841-42ab-8f9e-5f06091acaaf,33f540spwatacenglanj250j,femalewatac30454033210j,jesjksn,3000,whit30sejacks
Jake,Bell,Male,28,England,White Collar,30.Sep.15,73793.66,7f49026f-ff8e-44c2-b1ed-6b014d81f196,28m400spwatacenglanb400j,malewatac7379363210jac,jasbl,3000,whit30sebell
Andrea,Hudson,Female,46,England,White Collar,30.Sep.15,112571.21,b0510dcf-89e6-49c4-91f8-7f3fa6b809d4,46f540spwatacenglanh325an,femalewatac1257123210andr,anshtsn,3000,whit30sehudso
Richard,Hudson,Male,29,England,White Collar,30.Sep.15,58720.19,f240175e-dbf5-45d3-9c4f-e79c0070c823,29m400spwatacenglanh325r,malewatac58720193210rac,rishtsn,3000,whit30sehudso
Theresa,Lewis,Female,38,England,Blue Collar,30.Sep.15,3761.07,8e14cada-bb67-4f7f-a11e-7223a27fd188,38f540spblacenglanl2000,femaleblacal3761073210tar,thslws,3000,blue30selewis
Felicity,Oliver,Female,45,England,Other,30.Sep.15,12247.62,716ffb56-20b1-436d-b344-8355841f266f,45f540spotarenglano416f,femaleotar1247623210fal,fesolfr,3000,othe30seolive
Penelope,Dowd,Female,45,England,White Collar,30.Sep.15,123159.76,55daa67d-09ae-45e3-8a53-73893ff9c334,45f540spwatacengland300p,femalewatac12315973210pan,pestt,3000,whit30sedowd
Gordon,Russell,Male,29,England,White Collar,30.Sep.15,9979.14,887ceb61-c893-4233-8f50-837fb0c4025c,29m400spwatacenglanr240k,malewatac979143210gad,gosrsl,3000,whit30serusse
Colin,Newman,Male,30,England,Other,30.Sep.15,20821.23,374ca9d6-014a-4fc3-9f32-aab2865e73c0,30m400spotarenglann550k,maleotar20821233210cal,cosnmn,3000,othe30senewma
Warren,Bond,Male,40,Scotland,Blue Collar,30.Sep.15,64487.05,7bf2b7be-bcdb-4652-9a8c-4fbee460a357,40m400spblacscatlb530w,maleblacal6487053210war,wasbnt,3000,blue30sebond
Anna,Oliver,Female,44,Scotland,Other,30.Sep.15,24636.06,0057d88b-d303-4581-9c96-1bca81a85670,44f540spotarscatlo416an,femaleotar24636063210an,ansolfr,3000,othe30seolive
Alexander,Hudson,Male,45,Scotland,Other,30.Sep.15,81068.1,a6c4071f-a185-43fa-9da4-cae032d60e6f,45m400spotarscatlh325al,maleotar8106813210alax,alshtsn,3000,othe30sehudso
Ian,Black,Male,57,Scotland,Blue Collar,30.Sep.15,49358.43,4fa8f1f2-365c-4ef5-a401-202f6a49a476,57m400spblacscatlb420i,maleblacal49358433210ian,iasblk,3000,blue30seblack
Paul,Nash,Male,50,Scotland,Blue Collar,30.Sep.15,34740.16,3d900951-d380-47ff-be2b-5aa68b4edff4,50m400spblacscatln200p,maleblacal34740163210pal,pasnx,3000,blue30senash
Isaac,Paige,Male,55,Scotland,Blue Collar,30.Sep.15,28781.46,afdc3918-8293-4f1d-8f97-58187c7a352c,55m400spblacscatlp200is,maleblacal28781463210is,isspj,3000,blue30sepaige
Wendy,Ferguson,Female,57,Scotland,Other,30.Sep.15,4025.97,0ba91505-9acd-4cad-81c8-89618797fb01,57f540spotarscatlf622w,femaleotar4025973210wad,wesfrks,3000,othe30sefergu
Alexandra,Butler,Female,36,Wales,Blue Collar,30.Sep.15,15245.28,0c941934-c0cf-471d-bf06-de6d69f20174,36f540spblacwalb346al,femaleblacal15245283210alax,alsbtlr,3000,blue30sebutle
Wanda,Peters,Female,21,Northern Ireland,Other,30.Sep.15,50686.07,d7a05415-5436-4022-8b06-67f1d6c2ae15,21f540spotarnartp362w,femaleotar50686073210wad,wasptrs,3000,othe30sepeter
Jake,Stewart,Male,35,England,White Collar,30.Oct.15,41292.98,ad3d12fb-afbb-4340-b6f8-1dd86fd9ddd9,35m400ktwatacenglans363j,malewatac41292983230jac,jastwrt,3000,whit30ocstewa
Caroline,Clark,Female,32,England,White Collar,30.Oct.15,17090.17,8d3739f8-1b47-48c5-be95-d44931ce9e18,32f540ktwatacenglanc462k,femalewatac17090173230car,caklrk,3000,whit30occlark
Adam,Hemmings,Male,37,England,Blue Collar,30.Oct.15,60097.21,2cd6e2d1-fa9f-4de9-836e-2655c2c1bf3e,37m400ktblacenglanh552at,maleblacal6097213230adan,adhmnk,3000,blue30ochemmi
Elizabeth,Parsons,Female,31,England,White Collar,30.Oct.15,113868.94,902947e6-a532-4f2d-8c8e-dc71909d12fe,31f540ktwatacenglanp625el,femalewatac1386893230el,elprsns,3000,whit30ocparso
Jake,Jones,Male,32,England,White Collar,30.Oct.15,27593.12,0f372a18-8261-4a42-bc65-65dd5968726a,32m400ktwatacenglanj520j,malewatac27593123230jac,jajns,3000,whit30ocjones
Mary,Nolan,Female,33,England,Other,30.Oct.15,2471.48,d35f5e4e-d572-44a8-9fd1-2e66f8b99812,33f540ktotarenglann450m,femaleotar2471483230mary,manln,3000,othe30ocnolan
Deirdre,Abraham,Female,23,England,White Collar,30.Oct.15,5965.14,a1e0d106-2c80-4691-9e9a-efe69f45a6b5,23f540ktwatacenglana165t,femalewatac5965143230dar,deabrhm,3000,whit30ocabrah
John,Arnold,Male,25,England,Other,30.Oct.15,41058.11,2bba4e61-9142-4966-abf2-32ed1d1425e2,25m400ktotarenglana654j,maleotar4105813230jan,joarnlt,3000,othe30ocarnol
Lucas,Butler,Male,33,England,White Collar,30.Oct.15,31959.46,79cf08ce-111e-45dc-800e-0a8391ffbefb,33m400ktwatacenglanb346l,malewatac31959463230lac,lubtlr,3000,whit30ocbutle
Joe,Russell,Male,31,England,White Collar,30.Oct.15,22240.2,57601bb7-3195-4ce7-a19e-a266ab48d805,31m400ktwatacenglanr240j,malewatac24023230j,jorsl,3000,whit30ocrusse
Trevor,Lyman,Male,33,England,White Collar,30.Oct.15,50075.4,21ac78a4-23a5-4ee0-b386-9f8db9e2ba17,33m400ktwatacenglanl550tr,malewatac507543230traf,trlmn,3000,whit30oclyman
Luke,Miller,Male,43,Scotland,Blue Collar,30.Oct.15,31739.2,59558599-5125-4daf-9d00-f017d3cc3b7e,43m400ktblacscatlm460l,maleblacal3173923230lac,lumlr,3000,blue30ocmille
Jennifer,Abraham,Female,34,Scotland,Other,30.Oct.15,61355.54,01dd8b81-6957-4e8b-a30c-02fc18c54096,34f540ktotarscatla165j,femaleotar6135543230jan,jeabrhm,3000,othe30ocabrah
Rebecca,Johnston,Female,59,Scotland,Other,30.Oct.15,54003.42,1270b945-e046-4556-acbb-534b224900d7,59f540ktotarscatlj523r,femaleotar5403423230rab,rejnst,3000,othe30ocjohns
Sonia,Bower,Female,45,Scotland,Other,30.Oct.15,9654.58,af4901c3-afd8-4485-8277-12aa6372d858,45f540ktotarscatlb600s,femaleotar9654583230san,sobwr,3000,othe30ocbower
Joshua,Hughes,Male,52,Scotland,Blue Collar,30.Oct.15,6809.17,89819ec4-17f5-4c8c-968e-0eef4c86eff8,52m400ktblacscatlh220j,maleblacal6809173230j,johkhs,3000,blue30ochughe
Jacob,Marshall,Male,47,Scotland,Blue Collar,30.Oct.15,33282.11,4237ab1b-4239-49d8-b1c8-5a78cbf1ecc0,47m400ktblacscatlm624j,maleblacal328213230jac,jamrxl,3000,blue30ocmarsh
Trevor,Robertson,Male,47,Scotland,Blue Collar,30.Oct.15,64172.31,268bc342-841c-4833-aa93-828c5c31b200,47m400ktblacscatlr163tr,maleblacal64172313230traf,trrbrts,3000,blue30ocrober
Deirdre,Fraser,Female,34,Wales,White Collar,30.Oct.15,43689.43,30c9bafd-a23a-4cf0-bf80-4aeba62e4837,34f540ktwatacwalf626t,femalewatac43689433230dar,defrsr,3000,whit30ocfrase
Jane,Lawrence,Female,29,Northern Ireland,Blue Collar,30.Oct.15,50213.26,a4c011a6-4825-4db4-8b4b-766d450e846a,29f540ktblacnartl652j,femaleblacal50213263230jan,jalrnk,3000,blue30oclawre
Grace,Ogden,Female,32,England,White Collar,31.Oct.15,26231.03,3f907232-1b9d-49dc-b91f-24ee3f3bd514,32f540ktwatacenglano235kr,femalewatac26231033230grac,groktn,3000,whit31ocogden
Jonathan,Martin,Male,38,England,Other,31.Oct.15,49041.1,7464ba84-37b3-4d62-9108-85ed819d914f,38m400ktotarenglanm635j,maleotar4904113230jan,jomrtn,3000,othe31ocmarti
Joan,Newman,Female,31,England,White Collar,31.Oct.15,40138.75,b3c8021a-e06a-4724-abb0-93427a8b4443,31f540ktwatacenglann550j,femalewatac40138753230jan,jonmn,3000,whit31ocnewma
Lisa,Morgan,Female,32,England,Other,31.Oct.15,699.42,51810cbc-871e-4db5-9c78-942fc4cffbe5,32f540ktotarenglanm625l,femaleotar69423230las,limrkn,3000,othe31ocmorga
Diane,Oliver,Female,32,England,White Collar,31.Oct.15,25464.76,45ea0071-2fb9-4170-8cd8-deb151dfeedd,32f540ktwatacenglano416t,femalewatac25464763230dan,diolfr,3000,whit31ocolive
Paul,Reid,Male,36,England,Blue Collar,31.Oct.15,65949.77,788e7049-c5e5-4432-bdc9-e4ba65286a25,36m400ktblacenglanr300p,maleblacal6594973230pal,part,3000,blue31ocreid
Felicity,Lambert,Female,36,England,White Collar,31.Oct.15,98682.44,23d721ca-c624-42e6-84b0-5e3e699292df,36f540ktwatacenglanl516f,femalewatac9868243230fal,felmbrt,3000,whit31oclambe
Audrey,Short,Female,42,England,White Collar,31.Oct.15,15389.73,dc36c1a1-0a90-4667-9a8a-0ead1dfb02c0,42f540ktwatacenglans630a,femalewatac15389733230adr,auxrt,3000,whit31ocshort
Dorothy,Hughes,Female,28,England,White Collar,31.Oct.15,3766.5,2e87c4b7-49df-418b-84e6-1e8e4275848f,28f540ktwatacenglanh220t,femalewatac37653230dar,dohkhs,3000,whit31ochughe
Emma,Bower,Female,40,England,Other,31.Oct.15,55489.08,9e97dcd7-94ae-4848-ae5e-3cdbc7490b50,40f540ktotarenglanb600em,femaleotar5489083230en,embwr,3000,othe31ocbower
William,Ogden,Male,35,England,White Collar,31.Oct.15,56363.31,a853158c-6cf0-46f7-af30-a2d4f74bfbf0,35m400ktwatacenglano235w,malewatac56363313230wal,wioktn,3000,whit31ocogden
Rose,Parr,Female,33,England,Other,31.Oct.15,60395.3,504afe1c-4ce9-4040-bb0e-88e6c424f8d5,33f540ktotarenglanp600r,femaleotar6039533230ras,ropr,3000,othe31ocparr
Stewart,Rutherford,Male,50,England,White Collar,31.Oct.15,20397.32,fa33fcb9-11c4-476f-97c9-bab1e355a1d7,50m400ktwatacenglanr361st,malewatac20397323230stae,str0rf,3000,whit31ocruthe
Luke,Gray,Male,52,Scotland,Other,31.Oct.15,20132.46,47a7663e-415f-46c7-aed1-772f0ed6ef4d,52m400ktotarscatlg600l,maleotar20132463230lac,lukr,3000,othe31ocgray
Jake,Poole,Male,44,Scotland,Blue Collar,31.Oct.15,101645.25,8bd59156-338d-4424-a0d0-e3301f411329,44m400ktblacscatlp400j,maleblacal10164523230jac,japl,3000,blue31ocpoole
Stewart,Hudson,Male,55,Scotland,Blue Collar,31.Oct.15,66721.34,32600e6d-aaf6-4e08-8cb5-b7203646b4c0,55m400ktblacscatlh325st,maleblacal6721343230stae,sthtsn,3000,blue31ochudso
Dominic,Roberts,Male,55,Scotland,Other,31.Oct.15,66668.78,31a92340-e8e9-48e4-8e2b-d5b233679f20,55m400ktotarscatlr163t,maleotar68783230dan,dorbrts,3000,othe31ocrober
Alexander,Mills,Male,45,Wales,Blue Collar,31.Oct.15,21018.89,61bd96db-786a-426a-99e6-2b3d32629136,45m400ktblacwalm420al,maleblacal21018893230alax,almls,3000,blue31ocmills
Colin,Cornish,Male,25,England,White Collar,30.Nov.15,77624.38,6be931a5-eefc-4829-951e-67dffd80108e,25m400nfwatacenglanc652k,malewatac7624383510cal,conkrnx,3000,whit30nocorni
Kimberly,Dickens,Female,36,England,White Collar,30.Nov.15,50507.35,0e43f846-7cc1-489a-acc4-af5464488e41,36f540nfwatacengland252k,femalewatac50507353510canb,kintkns,3000,whit30nodicke
Faith,Glover,Female,18,England,White Collar,30.Nov.15,93603.84,4872bdd1-1ae9-4523-bd15-f774a27cc457,18f540nfwatacenglang416f,femalewatac93603843510fat,fanklfr,3000,whit30noglove
Yvonne,Morrison,Female,34,England,White Collar,30.Nov.15,5871.86,55ff709b-cf38-4a34-867a-39075e5c30fa,34f540nfwatacenglanm625f,femalewatac5871863510yvan,yvnmrs,3000,whit30nomorri
Lucas,Abraham,Male,31,England,White Collar,30.Nov.15,5178.59,d6071d94-c3ba-4095-bad1-1802f9f40c06,31m400nfwatacenglana165l,malewatac5178593510lac,lunabrhm,3000,whit30noabrah
Andrea,Welch,Female,39,England,White Collar,30.Nov.15,40554.67,32cee8b1-25bf-4aae-84d4-939529e5ade1,39f540nfwatacenglanw420an,femalewatac4054673510andr,annwlx,3000,whit30nowelch
Carl,Fraser,Male,35,England,White Collar,30.Nov.15,181680.99,1c64785b-7258-42a8-bf56-013133b4c8bb,35m400nfwatacenglanf626k,malewatac18168093510carl,canfrsr,3000,whit30nofrase
Benjamin,MacDonald,Male,36,England,White Collar,30.Nov.15,30265.69,297ae032-c9ac-4e8b-8e45-8617f0edf29b,36m400nfwatacenglanm235b,malewatac30265693510banj,benmktn,3000,whit30nomacdo
Edward,Allan,Male,40,England,Blue Collar,30.Nov.15,30954.9,65b41469-cd96-4321-bb25-a6562219b713,40m400nfblacenglana450et,maleblacal3095493510edw,ednaln,3000,blue30noallan
Chloe,Davies,Female,36,England,Other,30.Nov.15,70684.35,6cc1994e-5135-456e-8fb0-ab9ce36eaf26,36f540nfotarengland120x,femaleotar70684353510cl,chntfs,3000,othe30nodavie
Felicity,James,Female,32,England,White Collar,30.Nov.15,98044.81,7fdb23d2-af70-401d-834c-6618dc171ca2,32f540nfwatacenglanj520f,femalewatac9804813510fal,fenjms,3000,whit30nojames
Julia,Mills,Female,39,England,White Collar,30.Nov.15,112000.36,dd44f032-ef67-4d00-b1c9-11cefb3f0a6e,39f540nfwatacenglanm420j,femalewatac12033510jal,junmls,3000,whit30nomills
Owen,Edmunds,Male,38,England,Blue Collar,30.Nov.15,20076.79,615a0513-4cca-43f5-8446-80173e9c3b37,38m400nfblacenglane355o,maleblacal2076793510oan,ownetmnts,3000,blue30noedmun
Anna,Mathis,Female,24,England,White Collar,30.Nov.15,97846.35,ad9d49b0-f6a6-4387-b924-2d3084389013,24f540nfwatacenglanm320an,femalewatac97846353510an,annm0s,3000,whit30nomathi
Claire,Bond,Female,45,England,White Collar,30.Nov.15,41909.74,81d4435a-6809-487e-8643-59d74970c0d6,45f540nfwatacenglanb530kl,femalewatac41909743510cl,clnbnt,3000,whit30nobond
Diana,Nash,Female,55,Scotland,White Collar,30.Nov.15,67876.94,43eff546-7f22-4aef-9af8-5b693058e27b,55f540nfwatacscatln200t,femalewatac67876943510dan,dinnx,3000,whit30nonash
Leonard,Cameron,Male,51,Scotland,Other,30.Nov.15,4573.26,90acf6c3-e5ca-47b5-9be8-c4d84b074109,51m400nfotarscatlc565l,maleotar4573263510lan,lenkmrn,3000,othe30nocamer
Claire,Edmunds,Female,56,Scotland,Other,30.Nov.15,4111.03,a2431f22-714c-411a-b9b8-26d9790a6b1c,56f540nfotarscatle355kl,femaleotar41033510cl,clnetmnts,3000,othe30noedmun
Gavin,Welch,Male,44,Scotland,White Collar,30.Nov.15,38971.83,48c6f69a-c255-40a6-ad24-b3cd2331a273,44m400nfwatacscatlw420k,malewatac38971833510gav,ganwlx,3000,whit30nowelch
Luke,Black,Male,49,Scotland,Other,30.Nov.15,71307.31,9d40363e-7388-45f2-bf38-0f7a89b271d2,49m400nfotarscatlb420l,maleotar71307313510lac,lunblk,3000,othe30noblack
Megan,Peters,Female,58,Scotland,Other,30.Nov.15,77504.67,3d77f9b9-32cc-4912-b3fe-937bb51302a5,58f540nfotarscatlp362m,femaleotar7504673510mag,menptrs,3000,othe30nopeter
Wanda,Tucker,Female,42,Wales,White Collar,30.Nov.15,17189.69,e36da577-7738-46de-93cb-a48f2c867400,42f540nfwatacwalt260w,femalewatac17189693510wad,wantkr,3000,whit30notucke
Zoe,Randall,Female,44,Wales,Other,30.Nov.15,44752.01,23024bc3-221b-4c72-97d4-de77468e77d9,44f540nfotarwalr534s,femaleotar4752013510z,zonrntl,3000,othe30noranda
Fiona,Powell,Female,31,Wales,White Collar,30.Nov.15,6052.52,351bf1b7-f5f0-4732-92b7-951324b924fb,31f540nfwatacwalp400f,femalewatac6052523510fan,finpwl,3000,whit30nopowel
Stewart,Johnston,Male,41,Wales,Blue Collar,30.Nov.15,77.46,bd54b875-67a3-4f24-a8c8-a8db2b4cd8b9,41m400nfblacwalj523st,maleblacal7463510stae,stnjnst,3000,blue30nojohns
Rebecca,Vaughan,Female,37,Wales,White Collar,30.Nov.15,24898.45,6a4ccd7e-bd7a-498d-ac36-7803ed064811,37f540nfwatacwalv250r,femalewatac24898453510rab,renfkhn,3000,whit30novaugh
Anna,Reid,Female,41,Wales,White Collar,30.Nov.15,11632.48,4f9ee896-1e63-436b-8604-db4aa1b1b802,41f540nfwatacwalr300an,femalewatac1632483510an,annrt,3000,whit30noreid
Wendy,Martin,Female,20,Wales,White Collar,30.Nov.15,68569.21,8848edb6-7b7b-46bf-8c0a-379de664fcaf,20f540nfwatacwalm635w,femalewatac68569213510wad,wenmrtn,3000,whit30nomarti
Dorothy,Bell,Female,34,Northern Ireland,Blue Collar,30.Nov.15,15263.47,6ac3b048-f87c-4c3d-b294-eb05c0df7ae1,34f540nfblacnartb400t,femaleblacal15263473510dar,donbl,3000,blue30nobell
Paul,Avery,Male,46,England,White Collar,30.Dec.15,85331.69,5566174c-44ab-4f15-be87-cf350f57debd,46m400tkwatacenglana160p,malewatac8531693320pal,patafr,3000,whit30deavery
Jane,Hemmings,Female,28,England,Blue Collar,30.Dec.15,19711.66,9c560252-2ce2-4d65-a872-4e8d8095862f,28f540tkblacenglanh552j,femaleblacal197163320jan,jathmnk,3000,blue30dehemmi
John,Hamilton,Male,45,England,White Collar,30.Dec.15,8435.91,d74d3a32-d799-4e0b-89f1-7afe3d8c26ca,45m400tkwatacenglanh543j,malewatac8435913320jan,jothmlt,3000,whit30dehamil
Kimberly,Gray,Female,44,England,Other,30.Dec.15,64470.77,56cf723b-4086-4e25-916c-7632efbc89d4,44f540tkotarenglang600k,femaleotar647073320canb,kitkr,3000,othe30degray
Rachel,Davies,Female,34,England,Blue Collar,30.Dec.15,4561.22,aecbd74f-de56-4fce-8149-171e9e2d843a,34f540tkblacengland120r,femaleblacal456123320rac,rattfs,3000,blue30dedavie
Sam,Sanderson,Male,28,England,Blue Collar,30.Dec.15,42128.29,61b6bd72-2ede-4413-a6f5-8f8896ba9354,28m400tkblacenglans536s,maleblacal42128293320san,satsntrs,3000,blue30desande
Alison,Quinn,Female,64,Scotland,Other,30.Dec.15,73503.9,61512fc5-1a40-4a62-8a11-084a8b9a2093,64f540tkotarscatlq500al,femaleotar7350393320al,altkn,3000,othe30dequinn
Sam,Lewis,Male,64,Scotland,Other,30.Dec.15,19711.66,6b4277bf-3b3c-42e8-aa0c-95f5642b81bb,64m400tkotarscatll200s,maleotar197163320san,satlws,3000,othe30delewis
Keith,Hughes,Male,52,Scotland,Blue Collar,30.Dec.15,56069.72,336f99b1-2f0f-4961-9965-0a77a07388bc,52m400tkblacscatlh220k,maleblacal56069723320cat,kethkhs,3000,blue30dehughe
Hannah,Springer,Female,50,Scotland,Other,30.Dec.15,59477.82,041cc3c8-9b7d-4ef1-ba13-12b749d48572,50f540tkotarscatls165h,femaleotar5947823320han,hatsprnj,3000,othe30desprin
Christian,Reid,Male,51,Scotland,Blue Collar,30.Dec.15,239.45,eb083c2e-db9e-412f-9b3b-1910af2f25e5,51m400tkblacscatlr300x,maleblacal239453320cr,chtrt,3000,blue30dereid
Stephen,May,Male,33,Wales,Blue Collar,30.Dec.15,30293.19,8bb3a18c-1bbf-401a-9643-a3ec16e7fa99,33m400tkblacwalm000st,maleblacal30293193320stap,sttm,3000,blue30demay
Samuel,Lewis,Male,65,England,Other,30.Dec.15,19711.66,6bdsf7bf-d5d5c-4fe88-aa0c-95f5642b81cc,65m400tkotarenglanl200s,maleotar197163320san,satlws,3000,othe30delewis
Keithie,Hugs,Male,52,Scotland,Blue Collar,30.Dec.15,56069.72,vd56f99b1-2g0f-6661-9965-0a6547388bc,52m400tkblacscatlh200k,maleblacal56069723320cat,kethks,3000,blue30dehugs
Hannah,Springer,Female,50,Scotland,Other,30.Dec.16,59477.82,041cc3c8-9b7d-4ef1-ba13-12b749d48572,50f540tkotarscatls165h,femaleotar5947823320han,hatsprnj,3000,othe30desprin
Chris,Raid,Male,51,Scotland,White Collar,30.Dec.15,239.45,eb083c2e-db9e-412f-9b3b-1dfsss5dsf2f25e5,51m400tkwatacscatlr300x,malewatac239453320cr,chtrt,3000,whit30deraid
Steven,Mayer,Male,33,Wales,Blue Collar,30.Dec.15,30293.19,8csdcll8c-1b5555f-401a-9643-a3ec14e7fa99,33m400tkblacwalm600st,maleblacal30293193320staf,sttmyr,3000,blue30demayer
